{
  "buyers": [
    {
      "id": "buyers0003",
      "buyerAddress": "8, Desomnd fountain",
      "buyerFirstName": "freshest",
      "buyerLastName": "tundenot",
      "buyerEmail": "freshest@yahoo.com",
      "buyerPhoneNumber": "+343784323",
      "buyerCity": "Kinderlin",
      "buyerState": "republic",
      "buyerCountry": "Benin",
      "isExisitingBuyer": false,
      "isAgent": false,
      "availabilityDate": "4/12/1908",
      "purchasedDate": "4/10/1908"
    },
    {
      "id": "buyers0004",
      "buyerAddress": "9, Irrepublic Depreciationship",
      "buyerFirstName": "pitan Gab",
      "buyerLastName": "adeboye Boss",
      "buyerEmail": "adeboye@gmail.com",
      "buyerPhoneNumber": "+4543322222",
      "buyerCity": "usuals",
      "buyerState": "Washington",
      "buyerCountry": "London",
      "isExisitingBuyer": true,
      "isAgent": false,
      "availabilityDate": "2020-03-03",
      "purchasedDate": "2020-07-17"
    },
    {
      "id": "buyers0005",
      "buyerAddress": "8, Desomnd fountain",
      "buyerFirstName": "freshest",
      "buyerLastName": "tundenot",
      "buyerEmail": "freshest@yahoo.com",
      "buyerPhoneNumber": "+343784323",
      "buyerCity": "Kinderlin",
      "buyerState": "republic",
      "buyerCountry": "Benin",
      "isExisitingBuyer": false,
      "isAgent": false,
      "availabilityDate": "4/12/1908",
      "purchasedDate": "4/10/1908"
    },
    {
      "id": "buyers0006",
      "buyerAddress": "9, Irrepublic Depreciationship",
      "buyerFirstName": "pitan",
      "buyerLastName": "adeboye",
      "buyerEmail": "adeboye@gmail.com",
      "buyerPhoneNumber": "+4543322222",
      "buyerCity": "usuals",
      "buyerState": "Washington",
      "buyerCountry": "London",
      "isExisitingBuyer": true,
      "isAgent": false,
      "availabilityDate": "2020-06-28",
      "purchasedDate": "2020-07-23"
    },
    {
      "id": "buyers0007",
      "buyerAddress": "8, Desomnd fountain",
      "buyerFirstName": "freshest",
      "buyerLastName": "tundenot",
      "buyerEmail": "freshest@yahoo.com",
      "buyerPhoneNumber": "+343784323",
      "buyerCity": "Kinderlin",
      "buyerState": "republic",
      "buyerCountry": "Benin",
      "isExisitingBuyer": false,
      "isAgent": false,
      "availabilityDate": "4/12/1908",
      "purchasedDate": "4/10/1908"
    },
    {
      "id": "buyers0008",
      "buyerAddress": "9, Irrepublic Depreciationship",
      "buyerFirstName": "pitan",
      "buyerLastName": "adeboye",
      "buyerEmail": "adeboye@gmail.com",
      "buyerPhoneNumber": "+4543322222",
      "buyerCity": "usuals",
      "buyerState": "Washington",
      "buyerCountry": "London",
      "isExisitingBuyer": true,
      "isAgent": false,
      "availabilityDate": "4/12/1904",
      "purchasedDate": "4/10/1909"
    },
    {
      "id": "buyers0009",
      "buyerAddress": "8, Desomnd fountain",
      "buyerFirstName": "freshest",
      "buyerLastName": "tundenot",
      "buyerEmail": "freshest@yahoo.com",
      "buyerPhoneNumber": "+343784323",
      "buyerCity": "Kinderlin",
      "buyerState": "republic",
      "buyerCountry": "Benin",
      "isExisitingBuyer": false,
      "isAgent": false,
      "availabilityDate": "4/12/1908",
      "purchasedDate": "4/10/1908"
    },
    {
      "id": "buyers0010",
      "buyerAddress": "9, Irrepublic Depreciationship",
      "buyerFirstName": "pitan",
      "buyerLastName": "adeboye",
      "buyerEmail": "adeboye@gmail.com",
      "buyerPhoneNumber": "+4543322222",
      "buyerCity": "usuals",
      "buyerState": "Washington",
      "buyerCountry": "London",
      "isExisitingBuyer": true,
      "isAgent": false,
      "availabilityDate": "4/12/1904",
      "purchasedDate": "4/10/1909"
    },
    {
      "id": "buyers0011",
      "buyerAddress": "8, Desomnd fountain",
      "buyerFirstName": "freshest",
      "buyerLastName": "tundenot",
      "buyerEmail": "freshest@yahoo.com",
      "buyerPhoneNumber": "+343784323",
      "buyerCity": "Kinderlin",
      "buyerState": "republic",
      "buyerCountry": "Benin",
      "isExisitingBuyer": false,
      "isAgent": false,
      "availabilityDate": "4/12/1908",
      "purchasedDate": "4/10/1908"
    },
    {
      "id": "buyers0013",
      "buyerAddress": "8, Desomnd fountain Community",
      "buyerFirstName": "freshest",
      "buyerLastName": "tundenot",
      "buyerEmail": "freshest@yahoo.com",
      "buyerPhoneNumber": "+34378432335",
      "buyerCity": "Kinderlin",
      "buyerState": "republic",
      "buyerCountry": "Benin",
      "isExisitingBuyer": true,
      "isAgent": true,
      "availabilityDate": "2020-01-01",
      "purchasedDate": "2019-10-18"
    },
    {
      "id": "buyers0014",
      "buyerAddress": "9, Irrepublic Depreciationship",
      "buyerFirstName": "pitan",
      "buyerLastName": "adeboye",
      "buyerEmail": "adeboye@gmail.com",
      "buyerPhoneNumber": "+4543322222",
      "buyerCity": "usuals",
      "buyerState": "Washington",
      "buyerCountry": "London",
      "isExisitingBuyer": true,
      "isAgent": false,
      "availabilityDate": "2020-06-28",
      "purchasedDate": "2020-07-10"
    },
    {
      "id": "buyers0015",
      "buyerAddress": "8, Desomnd fountain",
      "buyerFirstName": "freshest",
      "buyerLastName": "tundenot",
      "buyerEmail": "freshest@yahoo.com",
      "buyerPhoneNumber": "+343784323",
      "buyerCity": "Kinderlin",
      "buyerState": "republic",
      "buyerCountry": "Benin",
      "isExisitingBuyer": false,
      "isAgent": false,
      "availabilityDate": "4/12/1908",
      "purchasedDate": "4/10/1908"
    },
    {
      "buyerAddress": "2, Redeemed Avenue, Estate 11, RCCG, Camp.",
      "buyerFirstName": "ewiwuew",
      "buyerLastName": "eww",
      "buyerEmail": "ewew",
      "buyerPhoneNumber": "ehiew",
      "buyerCity": "Mowe",
      "buyerState": "Ogun",
      "buyerCountry": "Nigeria",
      "isExisitingBuyer": "weiwere",
      "isAgent": "ewjhew",
      "availabilityDate": "7/10/2345",
      "purchasedDate": "7/10/8905",
      "id": "mfVzbHG"
    },
    {
      "buyerAddress": "2, Kolapo Street, Medhu, Nigeria",
      "buyerFirstName": "Mamam",
      "buyerLastName": "eiwey",
      "buyerEmail": "idshdsus@fgdsd.com",
      "buyerPhoneNumber": "+2347975",
      "buyerCity": "Lagos",
      "buyerState": "Delta",
      "buyerCountry": "Nigeria",
      "isExisitingBuyer": true,
      "isAgent": true,
      "availabilityDate": "2016-03-09",
      "purchasedDate": "2018-12-20",
      "id": "1No6_l4"
    },
    {
      "buyerAddress": "2, Redeemed Avenue, Estate 11, RCCG, Camp.",
      "buyerFirstName": "pitan Gab",
      "buyerLastName": "adeboye Boss",
      "buyerEmail": "bweuew@qgw.com",
      "buyerPhoneNumber": "09021324562",
      "buyerCity": "Mowe",
      "buyerState": "Ogun",
      "buyerCountry": "Nigeria",
      "isExisitingBuyer": true,
      "isAgent": false,
      "availabilityDate": "2020-07-01",
      "purchasedDate": "2020-07-10",
      "id": "Pi1l1BZ"
    }
  ]
}