{
  "produce": [
    {
      "id": "produce0001",
      "name": "Yam",
      "description": "Yam is a tuber produce that grows in the ground",
      "imageUrl": "https://www.producehub.com/yam1_picture.jpg"
    },
    {
      "id": "produce0002",
      "name": "Cassava",
      "description": "Cassava is a tuber produce that grows in the ground",
      "imageUrl": "https://www.producehub.com/cassava1_picture.jpg"
    },
    {
      "id": "produce0004",
      "name": "Beans Plused",
      "description": "Beans is a seed that contains a variety of nutrients and vitamins",
      "imageUrl": "https://www.producehub.com/beans1_picture.jpg"
    },
    {
      "id": "produce0005",
      "name": "Potatoe",
      "description": "Potatoe is a tuber produce that grows in the ground",
      "imageUrl": "https://www.producehub.com/potatoe1_picture.jpg"
    },
    {
      "id": "produce0006",
      "name": "Cocoa yam",
      "description": "A widely species cultivated of several parts in Arecaere",
      "imageUrl": "https://www.producehub.com/cocoayam1_picture.jpg"
    },
    {
      "id": "produce0007",
      "name": "Millet",
      "description": "It grows in Africa and indian",
      "imageUrl": "https://www.producehub.com/millet1_picture.jpg"
    },
    {
      "id": "produce0008",
      "name": "Maize",
      "description": "A Cereal Grain first domesticated by southern mexican",
      "imageUrl": "https://www.producehub.com/maize1_picture.jpg"
    },
    {
      "name": "Rice Gel",
      "description": "A Cereaavfsdl grain that is most widely consumed",
      "published": true,
      "id": "produce0009",
      "title": "xfdbdf"
    },
    {
      "id": "produce0010",
      "name": "Okra",
      "description": "A flowering plant in the mallow family",
      "imageUrl": "https://www.producehub.com/okra1_picture.jpg"
    },
    {
      "id": "produce0011",
      "name": "Cowpea",
      "description": "An Annual herbaceous legume from the genus Vigna.",
      "imageUrl": "https://www.producehub.com/cowpea1_picture.jpg"
    },
    {
      "id": "produce0012",
      "name": "Cola nut",
      "description": "A flowering ingredients in beverages.",
      "imageUrl": "https://www.producehub.com/colanut1_picture.jpg"
    },
    {
      "id": "produce0014",
      "name": "Potatoe",
      "description": "Potatoe is a tuber produce that grows in the ground",
      "imageUrl": "https://www.producehub.com/potatoe1_picture.jpg"
    },
    {
      "id": "produce0015",
      "name": "Cocoa yam",
      "description": "A widely species cultivated of several parts in Arecaere",
      "imageUrl": "https://www.producehub.com/cocoayam1_picture.jpg"
    },
    {
      "namee": "Title Speed",
      "description": "fhjdshbds",
      "id": "s7Kg-kx",
      "name": "Appear here"
    },
    {
      "name": "hGZ",
      "description": "jhhaa",
      "id": "ODXh_cj"
    },
    {
      "name": "Successfully",
      "description": "Welcome here",
      "id": "7KzqepW"
    },
    {
      "name": "Cattarch",
      "description": "https://www.producehub.com/cattarch_picture.jpg",
      "id": "BDKMwdV"
    },
    {
      "name": "Yemi",
      "description": "The best boy in township areas ",
      "imageurl": "",
      "id": "YgoBvpi"
    },
    {
      "name": "Bricklayer",
      "description": "The Best Bricklayer of the whole world and universe",
      "imageurl": "",
      "id": "RP3VB5I",
      "imageUrl": "https://www.bricklayers_9.jpg"
    },
    {
      "name": "",
      "description": "",
      "imageUrl": "",
      "id": "i5FDSXm"
    },
    {
      "name": "fuiro",
      "description": "weiwyhrw",
      "imageUrl": "weuihw",
      "id": "-9lXgzv"
    },
    {
      "name": "Too",
      "description": "Big ",
      "imageUrl": "Errors",
      "id": "-ZITJOz"
    }
  ]
}