{
  "supplier": [
    {
      "id": "supplier00002",
      "firstName": "taiye",
      "lastName": "taiwo",
      "isMember": false,
      "registrationDate": "5/02/2020",
      "address": "3, isoji alewale, ketu",
      "city": "ketu",
      "state": "lagos",
      "zipcode": "120897",
      "country": "Mali",
      "phone": "+23490347890",
      "email": "taiye.taiwo@yahoo.com",
      "about": "The second supplier",
      "notes": "The second supplier "
    },
    {
      "id": "supplier00003",
      "firstName": "lukeman",
      "lastName": "titilope",
      "isMember": true,
      "registrationDate": "2019-08-07",
      "address": "5, Ranti Isola, close",
      "city": "yenogua",
      "state": "Bayelsa",
      "zipcode": "309826",
      "country": "Senegal",
      "phone": "+23490865680",
      "email": "lukeman.titilope@gmail.com",
      "about": "The third supplier",
      "notes": "The Fifth supplier"
    },
    {
      "id": "supplier00004",
      "firstName": "mariam",
      "lastName": "abimbola",
      "isMember": false,
      "registrationDate": "5/06/2020",
      "address": "2, ikotun ijegun",
      "city": "ogun",
      "state": "ogun",
      "zipcode": "234482",
      "country": "Niger",
      "phone": "0903434334",
      "email": "mariam.abimbola@gmail.com",
      "about": "The fourth supplier",
      "notes": "The fourth supplier"
    },
    {
      "id": "supplier00006",
      "firstName": "nabeelah",
      "lastName": "oseyin",
      "isMember": false,
      "registrationDate": "5/08/2020",
      "address": "45,Redeemeed Avenue",
      "city": "Kingali",
      "state": "Niger",
      "zipcode": "150698",
      "country": "Tanzania",
      "phone": "012389040",
      "email": "nabeelah.oseyin@yahoo.com",
      "about": "The sixth supplier",
      "notes": "The sixth supplier"
    },
    {
      "id": "supplier00007",
      "firstName": "umukutul",
      "lastName": "opeyemi",
      "isMember": false,
      "registrationDate": "5/09/2020",
      "address": "1, morocco street",
      "city": "fadeyi",
      "state": "yaba",
      "zipcode": "100403",
      "country": "United Nations",
      "phone": "08037891267",
      "email": "umukutul.opeyemi@yahoo.com",
      "about": "The seventh supplier",
      "notes": "The seventh supplier"
    },
    {
      "id": "supplier00008",
      "firstName": "ibukun",
      "lastName": "atorise",
      "isMember": false,
      "registrationDate": "5/10/2020",
      "address": "45, osborne road",
      "city": "mowe",
      "state": "enugu",
      "zipcode": "129034",
      "country": "Ukraine",
      "phone": "+12 467834734343",
      "email": "ibukun.atorise@yahoo.com",
      "about": "The eight supplier",
      "notes": "The eight supplier"
    },
    {
      "id": "supplier00009",
      "firstName": "great",
      "lastName": "ifeoluwa",
      "isMember": false,
      "registrationDate": "5/18/2020",
      "address": "6, Greater close",
      "city": "laggon front",
      "state": "yaba",
      "zipcode": "127009",
      "country": "DR Congo",
      "phone": "+19 3334980",
      "email": "great.ifeoluwa@hotmail.com",
      "about": "The ninth supplier",
      "notes": "The ninth supplier"
    },
    {
      "id": "supplier00010",
      "firstName": "Herdle",
      "lastName": "Brick",
      "isMember": false,
      "registrationDate": "5/11/2020",
      "address": "3, House Heaven Hope",
      "city": "Hope Close",
      "state": "Higher",
      "zipcode": "34536465",
      "country": "South Africa",
      "phone": "+987654354",
      "email": "brick@gmail.com",
      "about": "The tenth supplier",
      "notes": "The tenth supplier"
    },
    {
      "id": "supplier00011",
      "firstName": "william",
      "lastName": "akinbamijo",
      "isMember": false,
      "registrationDate": "5/12/2020",
      "address": "1, house of favour",
      "city": "ajegunle",
      "state": "lagos",
      "zipcode": "100456",
      "country": "Mali",
      "phone": "+30 1289765",
      "email": "william.akinbamijo@yahoo.com",
      "about": "The eleventh supplier",
      "notes": "The eleventh supplier"
    },
    {
      "id": "supplier00012",
      "firstName": "bolaji",
      "lastName": "ereola",
      "isMember": false,
      "registrationDate": "5/18/2020",
      "address": "4, Moshood abiola",
      "city": "modupe",
      "state": "ebuwawa",
      "zipcode": "234454",
      "country": "Morocco",
      "phone": "+344454554123",
      "email": "bolaji@hotmail.com",
      "about": "The twelveth suppliers",
      "notes": "The twelveth suppliers"
    },
    {
      "id": "supplier00013",
      "firstName": "darlington",
      "lastName": "kayode",
      "isMember": false,
      "registrationDate": "5/13/2020",
      "address": "3, lifted avenue",
      "city": "moving",
      "state": "Washington",
      "zipcode": "4124523",
      "country": "Madagascar",
      "phone": "09897867",
      "email": "kayodedar@yahoo.com",
      "about": "The thirtheenth suppliers",
      "notes": "The thirtheenth suppliers"
    },
    {
      "id": "supplier00014",
      "firstName": "micheal",
      "lastName": "livingstone",
      "isMember": false,
      "registrationDate": "5/14/2020",
      "address": "2, Holiness crescent",
      "city": "cannan",
      "state": "Kebbi",
      "zipcode": "32425512",
      "country": "Canada",
      "phone": "+23456547347e",
      "email": "michell@gmail.com",
      "about": "The fourtheenth suppliers",
      "notes": "The fourtheenth suppliers"
    },
    {
      "id": "supplier00015",
      "firstName": "lara",
      "lastName": "deremi",
      "isMember": false,
      "registrationDate": "5/15/2020",
      "address": "4, Utility Crescent",
      "city": "higher",
      "state": "Mali",
      "zipcode": "325436",
      "country": "Italia",
      "phone": "+346545754",
      "email": "deremi@hotmail.com",
      "about": "The fiftheenth suppliers",
      "notes": "The fiftheenth suppliers"
    },
    {
      "firstName": "Isreal Sense",
      "lastName": "Oyinloye Suppliers",
      "isMember": false,
      "registrationDate": "2019-07-03",
      "address": "2, Redeemed Avenue, Estate 11, RCCG, Camp.",
      "city": "Mowe",
      "state": "Ogun",
      "zipcode": "110115",
      "country": "Nigeria",
      "phone": "6343843",
      "email": "fuapw8je0w",
      "about": "eh98eu800392932",
      "notes": "ewuyhdewuewuuei  wehewwr",
      "id": "XRDn9Ox"
    }
  ]
}